{"params": {"alpha_prep": -0.658312213825961, "beta_prep": 0.16401786161095708, "alpha_pci": 0.8132660898051638, "beta_pci": -0.0820089309119855, "beta_pci_thres": 999999.9461517608, "comp_aggre": 0.11261308271145276, "alpha": 0.15697246372348145, "beta": -0.06655765663073263, "beta_thres": 5000000.791337505}, "error": 600.3127006122694, "DMLC_PS": ["192.168.0.11"], "same": ["same"]}