{"params": {"alpha_prep": 0.003184133111351861, "beta_prep": 4.2638406497707484e-11, "alpha_pci": 0.004999999999968741, "beta_pci": 1.0519077765461872e-10, "beta_pci_thres": 14721.521277640015, "comp_aggre": 6.820003614000855e-11, "alpha": 4.9999999999999996e-05, "beta": 3.723168759205417e-10, "beta_thres": 2052736.6664393246, "alpha_server_proc": 0.0036173463102602407, "beta_server_proc": 1.1208591197236657e-06, "beta_server_proc_thres": 2988980.340597044, "alpha_worker_proc": 5.818816140763707e-05, "beta_worker_proc": 3.3285447075040588e-06, "beta_worker_proc_thres": 5263234.870997635, "straggler": 0.0005030263461032715}, "error": 9.335208243921702, "DMLC_PS": ["192.168.0.11"], "same": ["same"]}